Institute,Academic Year,2019-20,2018-19,2017-18,2016-17,2015-16,2014-15
Institute of Chemical Technology ,UG [4 Years Program(s)],241,241,241,241,-,-
Institute of Chemical Technology ,PG [2 Year Program(s)],370,370,-,-,-,-
Institute of Chemical Technology ,PG-Integrated,120,120,0,0,0,-
Jamia Millia Islamia ,UG [3 Years Program(s)],1028,988,983,-,-,-
Jamia Millia Islamia ,UG [4 Years Program(s)],430,430,430,430,-,-
Jamia Millia Islamia ,UG [5 Years Program(s)],190,190,190,190,210,-
Jamia Millia Islamia ,PG [2 Year Program(s)],1354,1409,-,-,-,-
Jamia Millia Islamia ,PG [3 Year Program(s)],50,50,50,-,-,-
Kalasalingam Academy of Research and Higher Education ,UG [3 Years Program(s)],570,400,535,-,-,-
Kalasalingam Academy of Research and Higher Education ,UG [4 Years Program(s)],1290,1050,1260,1470,-,-
Kalasalingam Academy of Research and Higher Education ,UG [5 Years Program(s)],40,40,40,80,40,-
Kalasalingam Academy of Research and Higher Education ,PG [2 Year Program(s)],228,258,-,-,-,-
Sri Venkateswara University ,UG [3 Years Program(s)],0,180,180,-,-,-
Sri Venkateswara University ,UG [4 Years Program(s)],574,548,458,458,-,-
Sri Venkateswara University ,UG [5 Years Program(s)],40,40,40,40,40,-
Sri Venkateswara University ,PG [2 Year Program(s)],2428,2428,-,-,-,-
Sri Venkateswara University ,PG [3 Year Program(s)],120,120,120,-,-,-
Indian Institute of Technology Guwahati ,UG [4 Years Program(s)],851,747,690,660,-,-
Indian Institute of Technology Guwahati ,PG [2 Year Program(s)],849,693,-,-,-,-
Osmania University ,UG [3 Years Program(s)],60,60,60,-,-,-
Osmania University ,UG [4 Years Program(s)],420,420,420,420,-,-
Osmania University ,UG [5 Years Program(s)],60,60,60,60,60,-
Osmania University ,PG [2 Year Program(s)],2529,2529,-,-,-,-
Osmania University ,PG [3 Year Program(s)],60,60,60,-,-,-
Indian Institute of Science Education & Research Kolkata ,UG [5 Years Program(s)],206,200,222,202,200,-
Indian Institute of Science Education & Research Kolkata ,PG [2 Year Program(s)],3,0,-,-,-,-
Anna University ,UG [4 Years Program(s)],2470,2740,2740,2740,-,-
Anna University ,UG [5 Years Program(s)],80,120,120,120,120,-
Anna University ,PG [2 Year Program(s)],2048,2050,-,-,-,-
Anna University ,PG [3 Year Program(s)],120,120,120,-,-,-
Anna University ,PG-Integrated,100,100,100,100,100,-
Indian Institute of Technology Roorkee ,UG [4 Years Program(s)],959,879,815,845,-,-
Indian Institute of Technology Roorkee ,UG [5 Years Program(s)],32,30,30,35,40,-
Indian Institute of Technology Roorkee ,PG [2 Year Program(s)],827,787,-,-,-,-
Indian Institute of Technology Roorkee ,PG-Integrated,145,134,130,90,90,-
Jamia Hamdard ,UG [3 Years Program(s)],145,225,350,-,-,-
Jamia Hamdard ,UG [4 Years Program(s)],942,555,555,530,-,-
Jamia Hamdard ,UG [5 Years Program(s)],270,270,50,150,150,-
Jamia Hamdard ,PG [2 Year Program(s)],829,823,-,-,-,-
Jamia Hamdard ,PG [3 Year Program(s)],118,78,78,-,-,-
Jamia Hamdard ,PG-Integrated,60,0,0,0,0,-
University of Delhi ,UG [3 Years Program(s)],431,387,341,-,-,-
University of Delhi ,UG [4 Years Program(s)],44,40,40,40,-,-
University of Delhi ,PG [1 Year Program(s)],120,-,-,-,-,-
University of Delhi ,PG [2 Year Program(s)],8522,7728,-,-,-,-
University of Delhi ,PG [3 Year Program(s)],2773,2402,2402,-,-,-
University of Delhi ,PG-Integrated,120,120,120,0,0,-
Sardar Vallabhbhai National Institute of Technology ,UG [4 Years Program(s)],910,844,818,818,-,-
Sardar Vallabhbhai National Institute of Technology ,PG [2 Year Program(s)],466,425,-,-,-,-
Sardar Vallabhbhai National Institute of Technology ,PG-Integrated,202,180,180,180,180,-
Indian Institute of Technology Patna ,UG [4 Years Program(s)],361,250,225,200,-,-
Indian Institute of Technology Patna ,PG [2 Year Program(s)],232,230,-,-,-,-
Amity University ,UG [3 Years Program(s)],4560,4560,4680,-,-,-
Amity University ,UG [4 Years Program(s)],3100,3100,3100,3100,-,-
Amity University ,UG [5 Years Program(s)],1400,1400,1400,1280,1310,-
Amity University ,PG [1 Year Program(s)],375,-,-,-,-,-
Amity University ,PG [2 Year Program(s)],3000,3000,-,-,-,-
Amity University ,PG [3 Year Program(s)],10,45,45,-,-,-
Amity University ,PG-Integrated,125,210,210,210,210,-
Siksha `O` Anusandhan ,UG [3 Years Program(s)],120,120,0,-,-,-
Siksha `O` Anusandhan ,UG [4 Years Program(s)],2800,2440,1760,2240,-,-
Siksha `O` Anusandhan ,UG [5 Years Program(s)],430,430,370,250,250,-
Siksha `O` Anusandhan ,PG [1 Year Program(s)],24,-,-,-,-,-
Siksha `O` Anusandhan ,PG [2 Year Program(s)],734,704,-,-,-,-
Siksha `O` Anusandhan ,PG [3 Year Program(s)],191,193,99,-,-,-
Siksha `O` Anusandhan ,PG-Integrated,30,0,0,0,0,-
Guru Gobind Singh Indraprastha University ,UG [4 Years Program(s)],295,295,295,295,-,-
Guru Gobind Singh Indraprastha University ,UG [5 Years Program(s)],180,180,180,180,180,-
Guru Gobind Singh Indraprastha University ,PG [1 Year Program(s)],57,-,-,-,-,-
Guru Gobind Singh Indraprastha University ,PG [2 Year Program(s)],612,612,-,-,-,-
Guru Gobind Singh Indraprastha University ,PG [3 Year Program(s)],60,60,60,-,-,-
Indian Institute of Technology Madras ,UG [4 Years Program(s)],762,488,466,466,-,-
Indian Institute of Technology Madras ,UG [5 Years Program(s)],157,358,372,372,372,-
Indian Institute of Technology Madras ,PG [2 Year Program(s)],690,658,-,-,-,-
Indian Institute of Technology Madras ,PG [3 Year Program(s)],245,245,245,-,-,-
Indian Institute of Technology Madras ,PG-Integrated,46,46,46,46,46,-
Gauhati University ,UG [3 Years Program(s)],120,120,120,-,-,-
Gauhati University ,UG [4 Years Program(s)],135,135,140,130,-,-
Gauhati University ,UG [5 Years Program(s)],60,60,60,60,60,-
Gauhati University ,PG [1 Year Program(s)],160,-,-,-,-,-
Gauhati University ,PG [2 Year Program(s)],1990,1990,-,-,-,-
Gauhati University ,PG [3 Year Program(s)],10,10,10,-,-,-
Gauhati University ,PG-Integrated,60,85,85,85,55,-
Bharathiar University ,UG [3 Years Program(s)],160,160,160,-,-,-
Bharathiar University ,PG [2 Year Program(s)],1290,1290,-,-,-,-
Bharathiar University ,PG [3 Year Program(s)],15,15,15,-,-,-
Calcutta University ,UG [3 Years Program(s)],430,430,750,-,-,-
Calcutta University ,UG [4 Years Program(s)],370,370,240,231,-,-
Calcutta University ,UG [5 Years Program(s)],120,120,120,120,120,-
Calcutta University ,PG [1 Year Program(s)],216,-,-,-,-,-
Calcutta University ,PG [2 Year Program(s)],6120,6120,-,-,-,-
Calcutta University ,PG [3 Year Program(s)],112,112,112,-,-,-
Calcutta University ,PG-Integrated,42,42,42,42,40,-
Indian Institute of Science Education & Research Bhopal ,UG [4 Years Program(s)],100,40,0,0,-,-
Indian Institute of Science Education & Research Bhopal ,UG [5 Years Program(s)],225,250,260,200,200,-
Malaviya National Institute of Technology ,UG [4 Years Program(s)],900,746,716,716,-,-
Malaviya National Institute of Technology ,UG [5 Years Program(s)],83,68,68,68,68,-
Malaviya National Institute of Technology ,PG [2 Year Program(s)],1025,834,-,-,-,-
University of Madras ,PG [2 Year Program(s)],1866,1665,-,-,-,-
University of Madras ,PG [3 Year Program(s)],64,59,59,-,-,-
Symbiosis International ,UG [3 Years Program(s)],1356,1206,960,-,-,-
Symbiosis International ,UG [4 Years Program(s)],930,750,730,770,-,-
Symbiosis International ,UG [5 Years Program(s)],1120,840,720,720,720,-
Symbiosis International ,PG [1 Year Program(s)],110,-,-,-,-,-
Symbiosis International ,PG [2 Year Program(s)],3113,2793,-,-,-,-
Kerala University ,PG [1 Year Program(s)],331,-,-,-,-,-
Kerala University ,PG [2 Year Program(s)],1024,758,-,-,-,-
Alagappa University ,UG [3 Years Program(s)],240,221,160,-,-,-
Alagappa University ,UG [4 Years Program(s)],34,35,20,15,-,-
Alagappa University ,PG [1 Year Program(s)],130,-,-,-,-,-
Alagappa University ,PG [2 Year Program(s)],1159,1296,-,-,-,-
Alagappa University ,PG [3 Year Program(s)],70,60,70,-,-,-
Alagappa University ,PG-Integrated,52,75,12,10,0,-
JSS Academy of Higher Education and Research ,UG [3 Years Program(s)],599,570,240,-,-,-
JSS Academy of Higher Education and Research ,UG [4 Years Program(s)],210,200,200,200,-,-
JSS Academy of Higher Education and Research ,UG [5 Years Program(s)],300,300,300,250,300,-
JSS Academy of Higher Education and Research ,PG [2 Year Program(s)],550,400,-,-,-,-
JSS Academy of Higher Education and Research ,PG [3 Year Program(s)],200,200,240,-,-,-
JSS Academy of Higher Education and Research ,PG [6 Years Program(s)],60,60,60,60,60,60
Bharathidasan University ,UG [3 Years Program(s)],95,105,160,-,-,-
Bharathidasan University ,PG [2 Year Program(s)],775,705,-,-,-,-
Bharathidasan University ,PG [3 Year Program(s)],40,40,40,-,-,-
Bharathidasan University ,PG-Integrated,200,205,180,240,240,-
Bharathidasan University ,PG [6 Years Program(s)],120,120,120,120,120,0
Indian Institute of Technology (Banaras Hindu University) Varanasi ,UG [4 Years Program(s)],1012,876,815,815,-,-
Indian Institute of Technology (Banaras Hindu University) Varanasi ,UG [5 Years Program(s)],334,291,275,275,275,-
Indian Institute of Technology (Banaras Hindu University) Varanasi ,PG [2 Year Program(s)],574,443,-,-,-,-
Manipal Academy of Higher Education ,UG [3 Years Program(s)],938,853,853,-,-,-
Manipal Academy of Higher Education ,UG [4 Years Program(s)],3047,3260,3205,3094,-,-
Manipal Academy of Higher Education ,UG [5 Years Program(s)],860,860,860,860,860,-
Manipal Academy of Higher Education ,PG [1 Year Program(s)],27,-,-,-,-,-
Manipal Academy of Higher Education ,PG [2 Year Program(s)],2742,2179,-,-,-,-
Manipal Academy of Higher Education ,PG [3 Year Program(s)],352,274,262,-,-,-
Manipal Academy of Higher Education ,PG [6 Years Program(s)],30,30,30,30,30,30
Indian Institute of Technology Mandi ,UG [4 Years Program(s)],258,200,150,150,-,-
Indian Institute of Technology Mandi ,UG [5 Years Program(s)],24,0,0,0,0,-
Indian Institute of Technology Mandi ,PG [2 Year Program(s)],364,288,-,-,-,-
Indian Institute of Technology Mandi ,PG [3 Year Program(s)],29,24,13,-,-,-
Indian Institute of Technology Mandi ,PG-Integrated,15,12,6,12,12,-
Indian Institute of Technology Mandi ,PG [6 Years Program(s)],81,64,68,89,74,41
Indian Institute of Technology Kanpur ,UG [4 Years Program(s)],907,910,827,827,-,-
Indian Institute of Technology Kanpur ,PG [2 Year Program(s)],1107,976,-,-,-,-
Chandigarh University ,UG [3 Years Program(s)],2260,2260,2140,-,-,-
Chandigarh University ,UG [4 Years Program(s)],3640,3520,3520,3520,-,-
Chandigarh University ,UG [5 Years Program(s)],560,560,560,560,320,-
Chandigarh University ,PG [1 Year Program(s)],50,-,-,-,-,-
Chandigarh University ,PG [2 Year Program(s)],1533,1468,-,-,-,-
Chandigarh University ,PG [6 Years Program(s)],30,0,0,0,0,0
National Institute of Technology Silchar ,UG [4 Years Program(s)],825,660,632,632,-,-
National Institute of Technology Silchar ,PG [2 Year Program(s)],488,390,-,-,-,-
"Andhra University, Visakhapatnam ",UG [3 Years Program(s)],80,80,120,-,-,-
"Andhra University, Visakhapatnam ",UG [4 Years Program(s)],794,458,458,461,-,-
"Andhra University, Visakhapatnam ",UG [5 Years Program(s)],110,110,110,30,30,-
"Andhra University, Visakhapatnam ",PG [2 Year Program(s)],2932,3092,-,-,-,-
"Andhra University, Visakhapatnam ",PG [3 Year Program(s)],10,10,10,-,-,-
"Andhra University, Visakhapatnam ",PG [6 Years Program(s)],30,30,30,30,30,30
Delhi Technological University ,UG [3 Years Program(s)],240,240,264,-,-,-
Delhi Technological University ,UG [4 Years Program(s)],2360,2210,2210,1862,-,-
Delhi Technological University ,PG [2 Year Program(s)],658,658,-,-,-,-
Tezpur University ,UG [3 Years Program(s)],0,0,50,-,-,-
Tezpur University ,UG [4 Years Program(s)],358,360,341,341,-,-
Tezpur University ,PG [1 Year Program(s)],63,-,-,-,-,-
Tezpur University ,PG [2 Year Program(s)],656,771,-,-,-,-
Tezpur University ,PG [3 Year Program(s)],45,45,45,-,-,-
Tezpur University ,PG-Integrated,130,138,138,138,137,-
Visva Bharati ,UG [3 Years Program(s)],1263,1416,1416,-,-,-
Visva Bharati ,UG [4 Years Program(s)],293,257,257,257,-,-
Visva Bharati ,PG [1 Year Program(s)],76,-,-,-,-,-
Visva Bharati ,PG [2 Year Program(s)],2106,1334,-,-,-,-
Visva Bharati ,PG-Integrated,27,21,21,21,21,-
Savitribai Phule Pune University ,UG [3 Years Program(s)],194,70,30,-,-,-
Savitribai Phule Pune University ,PG [1 Year Program(s)],120,-,-,-,-,-
Savitribai Phule Pune University ,PG [2 Year Program(s)],2454,2394,-,-,-,-
Savitribai Phule Pune University ,PG [3 Year Program(s)],90,90,90,-,-,-
Savitribai Phule Pune University ,PG-Integrated,50,50,50,50,30,-
Calicut University ,UG [3 Years Program(s)],55,55,55,-,-,-
Calicut University ,PG [1 Year Program(s)],358,-,-,-,-,-
Calicut University ,PG [2 Year Program(s)],931,895,-,-,-,-
Calicut University ,PG [3 Year Program(s)],12,12,12,-,-,-
University of Hyderabad ,PG [2 Year Program(s)],1451,1281,-,-,-,-
University of Hyderabad ,PG [3 Year Program(s)],83,75,75,-,-,-
University of Hyderabad ,PG-Integrated,246,210,227,223,208,-
National Institute of Technology Tiruchirappalli ,UG [4 Years Program(s)],964,768,768,768,-,-
National Institute of Technology Tiruchirappalli ,UG [5 Years Program(s)],60,53,46,46,46,-
National Institute of Technology Tiruchirappalli ,PG [2 Year Program(s)],806,778,-,-,-,-
National Institute of Technology Tiruchirappalli ,PG [3 Year Program(s)],115,92,92,-,-,-
Indian Institute of Technology Gandhinagar ,UG [4 Years Program(s)],193,194,180,180,-,-
Indian Institute of Technology Gandhinagar ,PG [2 Year Program(s)],290,320,-,-,-,-
Indian Institute of Technology Ropar ,UG [4 Years Program(s)],330,297,260,145,-,-
Indian Institute of Technology Ropar ,PG [2 Year Program(s)],238,171,-,-,-,-
Indian Institute of Technology Ropar ,PG [3 Year Program(s)],0,8,7,-,-,-
Indian Institute of Technology Ropar ,PG-Integrated,16,12,12,10,10,-
King George`s Medical University ,UG [5 Years Program(s)],320,320,320,320,320,-
King George`s Medical University ,PG [2 Year Program(s)],8,32,-,-,-,-
King George`s Medical University ,PG [3 Year Program(s)],369,285,273,-,-,-
Vellore Institute of Technology ,UG [3 Years Program(s)],785,780,960,-,-,-
Vellore Institute of Technology ,UG [4 Years Program(s)],7660,7140,6883,6283,-,-
Vellore Institute of Technology ,UG [5 Years Program(s)],300,300,300,300,300,-
Vellore Institute of Technology ,PG [2 Year Program(s)],2628,2820,-,-,-,-
Vellore Institute of Technology ,PG-Integrated,1080,780,733,733,780,-
National Institute of Technology Rourkela ,UG [4 Years Program(s)],927,747,710,610,-,-
National Institute of Technology Rourkela ,UG [5 Years Program(s)],25,20,20,20,20,-
National Institute of Technology Rourkela ,PG [2 Year Program(s)],1060,985,-,-,-,-
National Institute of Technology Rourkela ,PG-Integrated,150,120,120,260,245,-
Banaras Hindu University ,UG [3 Years Program(s)],4728,3753,3713,-,-,-
Banaras Hindu University ,UG [4 Years Program(s)],509,470,410,577,-,-
Banaras Hindu University ,UG [5 Years Program(s)],208,208,208,60,60,-
Banaras Hindu University ,PG [2 Year Program(s)],4532,4532,-,-,-,-
Banaras Hindu University ,PG [3 Year Program(s)],271,307,237,-,-,-
Shanmugha Arts Science Technology & Research Academy ,UG [3 Years Program(s)],120,120,120,-,-,-
Shanmugha Arts Science Technology & Research Academy ,UG [4 Years Program(s)],2000,1920,1900,1940,-,-
Shanmugha Arts Science Technology & Research Academy ,UG [5 Years Program(s)],180,180,140,140,125,-
Shanmugha Arts Science Technology & Research Academy ,PG [2 Year Program(s)],355,340,-,-,-,-
Shanmugha Arts Science Technology & Research Academy ,PG-Integrated,75,75,110,110,160,-
Indian Institute of Technology Kharagpur ,UG [3 Years Program(s)],25,46,46,-,-,-
Indian Institute of Technology Kharagpur ,UG [4 Years Program(s)],785,676,656,656,-,-
Indian Institute of Technology Kharagpur ,UG [5 Years Program(s)],44,41,40,40,40,-
Indian Institute of Technology Kharagpur ,PG [2 Year Program(s)],2605,1576,-,-,-,-
Indian Institute of Technology Kharagpur ,PG [3 Year Program(s)],25,15,15,-,-,-
Indian Institute of Technology Kharagpur ,PG-Integrated,756,664,645,645,645,-
Indian Institute of Technology Kharagpur ,PG [6 Years Program(s)],12,0,0,0,0,0
Koneru Lakshmaiah Education Foundation University (K L College of Engineering) ,UG [4 Years Program(s)],3480,3180,3180,3740,-,-
Koneru Lakshmaiah Education Foundation University (K L College of Engineering) ,PG [2 Year Program(s)],900,672,-,-,-,-
Lovely Professional University ,UG [3 Years Program(s)],1860,1620,1835,-,-,-
Lovely Professional University ,UG [4 Years Program(s)],5520,4560,6420,5400,-,-
Lovely Professional University ,UG [5 Years Program(s)],270,240,240,270,380,-
Lovely Professional University ,PG [1 Year Program(s)],40,-,-,-,-,-
Lovely Professional University ,PG [2 Year Program(s)],2050,1595,-,-,-,-
Lovely Professional University ,PG [3 Year Program(s)],40,20,20,-,-,-
Lovely Professional University ,PG-Integrated,40,40,90,150,90,-
Motilal Nehru National Institute of Technology ,UG [4 Years Program(s)],1006,954,886,912,-,-
Motilal Nehru National Institute of Technology ,PG [2 Year Program(s)],622,560,-,-,-,-
Motilal Nehru National Institute of Technology ,PG [3 Year Program(s)],103,93,93,-,-,-
Indian Institute of Technology Delhi ,UG [4 Years Program(s)],938,798,749,749,-,-
Indian Institute of Technology Delhi ,UG [5 Years Program(s)],123,109,102,102,102,-
Indian Institute of Technology Delhi ,PG [2 Year Program(s)],1284,1160,-,-,-,-
Mysore University ,UG [5 Years Program(s)],76,76,38,38,38,-
Mysore University ,PG [1 Year Program(s)],120,-,-,-,-,-
Mysore University ,PG [2 Year Program(s)],2750,2750,-,-,-,-
Mysore University ,PG [3 Year Program(s)],76,76,76,-,-,-
Madurai Kamaraj University ,PG [1 Year Program(s)],15,-,-,-,-,-
Madurai Kamaraj University ,PG [2 Year Program(s)],739,677,-,-,-,-
Madurai Kamaraj University ,PG [3 Year Program(s)],54,45,45,-,-,-
Madurai Kamaraj University ,PG-Integrated,20,30,60,60,121,-
Guru Nanak Dev University ,UG [3 Years Program(s)],590,845,555,-,-,-
Guru Nanak Dev University ,UG [4 Years Program(s)],820,900,640,640,-,-
Guru Nanak Dev University ,UG [5 Years Program(s)],202,202,202,202,202,-
Guru Nanak Dev University ,PG [2 Year Program(s)],2044,2207,-,-,-,-
Guru Nanak Dev University ,PG [3 Year Program(s)],60,60,60,-,-,-
Guru Nanak Dev University ,PG-Integrated,560,250,220,220,220,-
Panjab University ,UG [3 Years Program(s)],1709,1450,1564,-,-,-
Panjab University ,UG [4 Years Program(s)],1350,1258,1285,1256,-,-
Panjab University ,UG [5 Years Program(s)],460,460,460,492,461,-
Panjab University ,PG [1 Year Program(s)],393,-,-,-,-,-
Panjab University ,PG [2 Year Program(s)],4123,3768,-,-,-,-
Panjab University ,PG [3 Year Program(s)],215,202,222,-,-,-
Panjab University ,PG-Integrated,133,127,142,136,102,-
Pondicherry University ,UG [3 Years Program(s)],462,514,494,-,-,-
Pondicherry University ,PG [2 Year Program(s)],2655,2430,-,-,-,-
Pondicherry University ,PG [3 Year Program(s)],113,100,100,-,-,-
Pondicherry University ,PG-Integrated,241,213,213,202,243,-
Cochin University of Science and Technology ,UG [3 Years Program(s)],30,30,0,-,-,-
Cochin University of Science and Technology ,UG [4 Years Program(s)],171,171,171,171,-,-
Cochin University of Science and Technology ,UG [5 Years Program(s)],60,60,60,60,60,-
Cochin University of Science and Technology ,PG [1 Year Program(s)],45,-,-,-,-,-
Cochin University of Science and Technology ,PG [2 Year Program(s)],769,774,-,-,-,-
Cochin University of Science and Technology ,PG [3 Year Program(s)],60,60,60,-,-,-
Cochin University of Science and Technology ,PG-Integrated,80,80,20,20,20,-
National Institute of Technology Durgapur ,UG [4 Years Program(s)],790,700,647,768,-,-
National Institute of Technology Durgapur ,UG [5 Years Program(s)],10,10,10,0,0,-
National Institute of Technology Durgapur ,PG [2 Year Program(s)],456,419,-,-,-,-
National Institute of Technology Durgapur ,PG [3 Year Program(s)],0,30,40,-,-,-
National Institute of Technology Durgapur ,PG-Integrated,17,15,15,0,0,-
Dr. D. Y. Patil Vidyapeeth ,UG [4 Years Program(s)],430,430,340,290,-,-
Dr. D. Y. Patil Vidyapeeth ,UG [5 Years Program(s)],350,350,350,350,350,-
Dr. D. Y. Patil Vidyapeeth ,PG [2 Year Program(s)],366,347,-,-,-,-
Dr. D. Y. Patil Vidyapeeth ,PG [3 Year Program(s)],267,220,189,-,-,-
Dr. D. Y. Patil Vidyapeeth ,PG-Integrated,30,30,30,30,30,-
National Institute of Technology Karnataka ,UG [4 Years Program(s)],740,740,740,740,-,-
National Institute of Technology Karnataka ,PG [2 Year Program(s)],697,697,-,-,-,-
National Institute of Technology Karnataka ,PG [3 Year Program(s)],93,93,93,-,-,-
Saveetha Institute of Medical and Technical Sciences ,UG [4 Years Program(s)],1880,1880,1880,1670,-,-
Saveetha Institute of Medical and Technical Sciences ,UG [5 Years Program(s)],460,460,430,380,380,-
Saveetha Institute of Medical and Technical Sciences ,PG [1 Year Program(s)],30,-,-,-,-,-
Saveetha Institute of Medical and Technical Sciences ,PG [2 Year Program(s)],180,180,-,-,-,-
Saveetha Institute of Medical and Technical Sciences ,PG [3 Year Program(s)],114,114,102,-,-,-
Jadavpur University ,UG [3 Years Program(s)],976,995,936,-,-,-
Jadavpur University ,UG [4 Years Program(s)],1233,1233,1143,1079,-,-
Jadavpur University ,UG [5 Years Program(s)],181,160,160,173,158,-
Jadavpur University ,PG [2 Year Program(s)],1651,1404,-,-,-,-
Jadavpur University ,PG [3 Year Program(s)],187,183,183,-,-,-
Sri Ramachandra Institute of Higher Education and Research ,UG [3 Years Program(s)],235,230,90,-,-,-
Sri Ramachandra Institute of Higher Education and Research ,UG [4 Years Program(s)],925,915,860,580,-,-
Sri Ramachandra Institute of Higher Education and Research ,UG [5 Years Program(s)],350,350,350,350,350,-
Sri Ramachandra Institute of Higher Education and Research ,UG [6 Years Program(s)],0,0,0,0,0,0
Sri Ramachandra Institute of Higher Education and Research ,PG [2 Year Program(s)],415,297,-,-,-,-
Sri Ramachandra Institute of Higher Education and Research ,PG [3 Year Program(s)],243,276,246,-,-,-
Sri Ramachandra Institute of Higher Education and Research ,PG-Integrated,10,15,15,15,6,-
Sri Ramachandra Institute of Higher Education and Research ,PG [6 Years Program(s)],30,30,30,30,30,30
Indian Institute of Technology Indore ,UG [4 Years Program(s)],294,275,260,260,-,-
Indian Institute of Technology Indore ,PG [2 Year Program(s)],188,168,-,-,-,-
Mahatma Gandhi University ,UG [5 Years Program(s)],100,40,30,30,30,-
Mahatma Gandhi University ,PG [1 Year Program(s)],119,-,-,-,-,-
Mahatma Gandhi University ,PG [2 Year Program(s)],451,415,-,-,-,-
Indian Institute of Science ,UG [4 Years Program(s)],120,120,120,120,-,-
Indian Institute of Science ,PG [2 Year Program(s)],456,456,-,-,-,-
Indian Institute of Science ,PG [3 Year Program(s)],75,56,56,-,-,-
Sathyabama Institute of Science and Technology ,UG [3 Years Program(s)],340,240,240,-,-,-
Sathyabama Institute of Science and Technology ,UG [4 Years Program(s)],2790,2700,2700,3168,-,-
Sathyabama Institute of Science and Technology ,UG [5 Years Program(s)],280,280,220,220,220,-
Sathyabama Institute of Science and Technology ,PG [2 Year Program(s)],616,706,-,-,-,-
Sathyabama Institute of Science and Technology ,PG [3 Year Program(s)],7,7,0,-,-,-
Indian Institute of Technology Hyderabad ,UG [4 Years Program(s)],317,285,285,240,-,-
Indian Institute of Technology Hyderabad ,PG [2 Year Program(s)],286,274,-,-,-,-
Indian Institute of Technology Hyderabad ,PG [3 Year Program(s)],52,41,27,-,-,-
University of Kashmir ,UG [3 Years Program(s)],65,65,65,-,-,-
University of Kashmir ,UG [4 Years Program(s)],324,273,273,216,-,-
University of Kashmir ,UG [5 Years Program(s)],65,65,65,133,133,-
University of Kashmir ,PG [2 Year Program(s)],2891,2891,-,-,-,-
University of Kashmir ,PG [3 Year Program(s)],164,164,164,-,-,-
University of Kashmir ,PG-Integrated,112,212,212,60,60,-
Mumbai University ,UG [3 Years Program(s)],380,108,234,-,-,-
Mumbai University ,UG [5 Years Program(s)],60,60,187,187,187,-
Mumbai University ,PG [1 Year Program(s)],410,-,-,-,-,-
Mumbai University ,PG [2 Year Program(s)],2780,2780,-,-,-,-
Mumbai University ,PG-Integrated,67,67,67,47,47,-
SVKM`s Narsee Monjee Institute of Management Studies ,UG [3 Years Program(s)],640,580,580,-,-,-
SVKM`s Narsee Monjee Institute of Management Studies ,UG [4 Years Program(s)],380,420,500,440,-,-
SVKM`s Narsee Monjee Institute of Management Studies ,PG [2 Year Program(s)],705,695,-,-,-,-
SVKM`s Narsee Monjee Institute of Management Studies ,PG [3 Year Program(s)],57,57,57,-,-,-
SVKM`s Narsee Monjee Institute of Management Studies ,PG-Integrated,400,388,380,370,360,-
National Institute of Technology Warangal ,UG [4 Years Program(s)],1004,817,800,800,-,-
National Institute of Technology Warangal ,PG [2 Year Program(s)],883,708,-,-,-,-
National Institute of Technology Warangal ,PG [3 Year Program(s)],118,94,94,-,-,-
Indian Institute of Technology (Indian School of Mines) ,UG [4 Years Program(s)],869,911,824,824,-,-
Indian Institute of Technology (Indian School of Mines) ,UG [5 Years Program(s)],83,96,88,88,107,-
Indian Institute of Technology (Indian School of Mines) ,PG [2 Year Program(s)],905,1156,-,-,-,-
Indian Institute of Technology (Indian School of Mines) ,PG [3 Year Program(s)],98,106,106,-,-,-
Homi Bhabha National Institute ,PG [1 Year Program(s)],78,-,-,-,-,-
Homi Bhabha National Institute ,PG [2 Year Program(s)],177,167,-,-,-,-
Homi Bhabha National Institute ,PG [3 Year Program(s)],81,81,81,-,-,-
Homi Bhabha National Institute ,PG-Integrated,200,200,200,200,200,-
Indian Institute of Engineering Science and Technology ,UG [4 Years Program(s)],703,589,566,566,-,-
Indian Institute of Engineering Science and Technology ,UG [5 Years Program(s)],24,24,24,24,24,-
Indian Institute of Engineering Science and Technology ,PG [2 Year Program(s)],640,495,-,-,-,-
Indian Institute of Engineering Science and Technology ,PG-Integrated,0,0,0,48,61,-
Dr. B. R. Ambedkar National Institute of Technology ,UG [4 Years Program(s)],1133,807,786,786,-,-
Dr. B. R. Ambedkar National Institute of Technology ,PG [2 Year Program(s)],380,244,-,-,-,-
Indian Institute of Technology Bombay ,UG [4 Years Program(s)],874,825,817,779,-,-
Indian Institute of Technology Bombay ,UG [5 Years Program(s)],178,168,142,154,154,-
Indian Institute of Technology Bombay ,PG [2 Year Program(s)],1279,1225,-,-,-,-
Indian Institute of Technology Bombay ,PG-Integrated,40,40,40,69,69,-
Jawaharlal Nehru University ,UG [3 Years Program(s)],431,430,426,-,-,-
Jawaharlal Nehru University ,PG [2 Year Program(s)],1510,1043,-,-,-,-
Jawaharlal Nehru University ,PG [3 Year Program(s)],46,46,46,-,-,-
Jawaharlal Nehru University ,PG-Integrated,126,95,0,0,0,-
Sri Sivasubramaniya Nadar College of Engineering ,UG [4 Years Program(s)],780,960,900,780,-,-
Sri Sivasubramaniya Nadar College of Engineering ,PG [2 Year Program(s)],180,216,-,-,-,-
Visvesvaraya National Institute of Technology ,UG [4 Years Program(s)],933,922,746,746,-,-
Visvesvaraya National Institute of Technology ,UG [5 Years Program(s)],83,63,63,61,67,-
Visvesvaraya National Institute of Technology ,PG [2 Year Program(s)],550,500,-,-,-,-
PSG College of Technology ,UG [3 Years Program(s)],120,120,120,-,-,-
PSG College of Technology ,UG [4 Years Program(s)],1140,1140,1140,1140,-,-
PSG College of Technology ,UG [5 Years Program(s)],180,180,180,180,180,-
PSG College of Technology ,PG [2 Year Program(s)],739,746,-,-,-,-
PSG College of Technology ,PG [3 Year Program(s)],60,60,60,-,-,-
PSG College of Technology ,PG-Integrated,160,160,160,160,160,-
Shiv Nadar University ,UG [4 Years Program(s)],560,530,500,504,-,-
Shiv Nadar University ,PG [2 Year Program(s)],130,142,-,-,-,-
S.R.M. Institute of Science and Technology ,UG [3 Years Program(s)],3845,4085,3130,-,-,-
S.R.M. Institute of Science and Technology ,UG [4 Years Program(s)],10055,10620,7600,9990,-,-
S.R.M. Institute of Science and Technology ,UG [5 Years Program(s)],690,790,790,790,790,-
S.R.M. Institute of Science and Technology ,PG [2 Year Program(s)],2656,2500,-,-,-,-
S.R.M. Institute of Science and Technology ,PG [3 Year Program(s)],193,236,207,-,-,-
S.R.M. Institute of Science and Technology ,PG [6 Years Program(s)],30,30,30,30,30,30
Banasthali Vidyapith ,UG [3 Years Program(s)],1030,950,1335,-,-,-
Banasthali Vidyapith ,UG [4 Years Program(s)],1240,1210,1040,1020,-,-
Banasthali Vidyapith ,UG [5 Years Program(s)],240,240,240,240,220,-
Banasthali Vidyapith ,PG [1 Year Program(s)],15,-,-,-,-,-
Banasthali Vidyapith ,PG [2 Year Program(s)],1086,1038,-,-,-,-
Banasthali Vidyapith ,PG [3 Year Program(s)],60,60,130,-,-,-
North Eastern Hill University ,UG [4 Years Program(s)],264,240,240,240,-,-
North Eastern Hill University ,UG [5 Years Program(s)],110,100,100,100,100,-
North Eastern Hill University ,PG [2 Year Program(s)],1473,1339,-,-,-,-
North Eastern Hill University ,PG [3 Year Program(s)],22,20,20,-,-,-
Tata Institute of Social Sciences ,UG [3 Years Program(s)],131,180,170,-,-,-
Tata Institute of Social Sciences ,PG [1 Year Program(s)],39,-,-,-,-,-
Tata Institute of Social Sciences ,PG [2 Year Program(s)],1552,1306,-,-,-,-
Birla Institute of Technology & Science -Pilani ,UG [4 Years Program(s)],3017,2987,2918,2196,-,-
Birla Institute of Technology & Science -Pilani ,PG [2 Year Program(s)],802,724,-,-,-,-
Thapar Institute of Engineering and Technology ,UG [4 Years Program(s)],2265,1865,1625,1480,-,-
Thapar Institute of Engineering and Technology ,PG [2 Year Program(s)],590,590,-,-,-,-
Thapar Institute of Engineering and Technology ,PG [3 Year Program(s)],30,90,90,-,-,-
Thapar Institute of Engineering and Technology ,PG-Integrated,90,90,75,90,90,-
Amrita Vishwa Vidyapeetham ,UG [3 Years Program(s)],1110,885,900,-,-,-
Amrita Vishwa Vidyapeetham ,UG [4 Years Program(s)],3030,2277,2400,2400,-,-
Amrita Vishwa Vidyapeetham ,UG [5 Years Program(s)],220,160,220,220,220,-
Amrita Vishwa Vidyapeetham ,PG [1 Year Program(s)],86,-,-,-,-,-
Amrita Vishwa Vidyapeetham ,PG [2 Year Program(s)],2230,1990,-,-,-,-
Amrita Vishwa Vidyapeetham ,PG [3 Year Program(s)],353,271,400,-,-,-
Amrita Vishwa Vidyapeetham ,PG-Integrated,800,445,400,400,400,-
Amrita Vishwa Vidyapeetham ,PG [6 Years Program(s)],30,30,30,30,30,30
Datta Meghe Institute of Medical Sciences ,UG [3 Years Program(s)],290,150,100,-,-,-
Datta Meghe Institute of Medical Sciences ,UG [4 Years Program(s)],220,160,150,150,-,-
Datta Meghe Institute of Medical Sciences ,UG [5 Years Program(s)],410,360,360,360,360,-
Datta Meghe Institute of Medical Sciences ,PG [2 Year Program(s)],188,95,-,-,-,-
Datta Meghe Institute of Medical Sciences ,PG [3 Year Program(s)],227,200,192,-,-,-
Indian Institute of Technology Bhubaneswar ,UG [4 Years Program(s)],290,260,260,220,-,-
Indian Institute of Technology Bhubaneswar ,UG [5 Years Program(s)],99,90,90,40,0,-
Indian Institute of Technology Bhubaneswar ,PG [2 Year Program(s)],346,272,-,-,-,-
Kalinga Institute of Industrial Technology ,UG [3 Years Program(s)],1500,1500,1308,-,-,-
Kalinga Institute of Industrial Technology ,UG [4 Years Program(s)],3660,3660,3660,3660,-,-
Kalinga Institute of Industrial Technology ,UG [5 Years Program(s)],590,590,540,540,490,-
Kalinga Institute of Industrial Technology ,PG [1 Year Program(s)],59,-,-,-,-,-
Kalinga Institute of Industrial Technology ,PG [2 Year Program(s)],900,900,-,-,-,-
Kalinga Institute of Industrial Technology ,PG [3 Year Program(s)],204,204,204,-,-,-
Bharath Institute of Higher Education & Research ,UG [3 Years Program(s)],720,720,720,-,-,-
Bharath Institute of Higher Education & Research ,UG [4 Years Program(s)],3120,5080,2400,2000,-,-
Bharath Institute of Higher Education & Research ,UG [5 Years Program(s)],820,820,630,520,400,-
Bharath Institute of Higher Education & Research ,PG [2 Year Program(s)],917,527,-,-,-,-
Bharath Institute of Higher Education & Research ,PG [3 Year Program(s)],191,191,131,-,-,-
Aligarh Muslim University ,UG [3 Years Program(s)],3531,2926,2926,-,-,-
Aligarh Muslim University ,UG [4 Years Program(s)],579,573,575,575,-,-
Aligarh Muslim University ,UG [5 Years Program(s)],500,482,482,482,482,-
Aligarh Muslim University ,PG [1 Year Program(s)],390,-,-,-,-,-
Aligarh Muslim University ,PG [2 Year Program(s)],2341,2044,-,-,-,-
Aligarh Muslim University ,PG [3 Year Program(s)],269,311,311,-,-,-
